Symbol,Direction,Entry Price,Max Size,Max Size USDT,Realized PnL,Realized PnL %,Open Time,Close Time,Runup,Drawdown,Open_Time_UTC,Close_Time_UTC,Open_Time_KST,Close_Time_KST,Open_Time_KST_Str,Close_Time_KST_Str,PnL_Value,PnL_Sign,PnL_Numeric,Size_USDT_Numeric,Size_USDT_Abs,Cumulative_PnL,Period_Cumulative_PnL
BTCUSDT,Long,"66,469.8 USDT",0.002,132.94 USDT,0.41 USDT,0.31 %,07/24/2024 13:19 UTC,07/24/2024 13:23 UTC,,,2024-07-24 13:19:00,2024-07-24 13:23:00,2024-07-24 22:19:00,2024-07-24 22:23:00,2024-07-24 22:19 KST,2024-07-24 22:23 KST,0.41,1,0.41,132.94,132.94,0.41,0.41
BTCUSDT,Long,"59,732 USDT",0.002,119.46 USDT,-0.70 USDT,-0.58 %,08/15/2024 15:21 UTC,08/15/2024 15:40 UTC,,,2024-08-15 15:21:00,2024-08-15 15:40:00,2024-08-16 00:21:00,2024-08-16 00:40:00,2024-08-16 00:21 KST,2024-08-16 00:40 KST,0.7,-1,-0.7,119.46,119.46,-0.29,-0.29
ARUSDT,Long,22.059 USDT,"6,808.7","150,193.11 USDT",601.67 USDT,0.40 %,08/15/2024 15:46 UTC,08/15/2024 16:03 UTC,,,2024-08-15 15:46:00,2024-08-15 16:03:00,2024-08-16 00:46:00,2024-08-16 01:03:00,2024-08-16 00:46 KST,2024-08-16 01:03 KST,601.67,1,601.67,150193.11,150193.11,601.38,601.38
FILUSDT,Short,3.649 USDT,"41,083.9","149,915.15 USDT",-24.78 USDT,-0.02 %,08/15/2024 15:47 UTC,08/15/2024 16:03 UTC,,,2024-08-15 15:47:00,2024-08-15 16:03:00,2024-08-16 00:47:00,2024-08-16 01:03:00,2024-08-16 00:47 KST,2024-08-16 01:03 KST,24.78,-1,-24.78,149915.15,149915.15,576.6,576.6
FTMUSDT,Short,0.393 USDT,"126,965","49,948.03 USDT",-138.97 USDT,-0.28 %,08/15/2024 15:47 UTC,08/15/2024 15:47 UTC,,,2024-08-15 15:47:00,2024-08-15 15:47:00,2024-08-16 00:47:00,2024-08-16 00:47:00,2024-08-16 00:47 KST,2024-08-16 00:47 KST,138.97,-1,-138.97,49948.03,49948.03,437.63,437.63
DEGENUSDT,Long,0.005 USDT,"456,830","2,275.01 USDT",-14.10 USDT,-0.62 %,08/15/2024 15:50 UTC,08/15/2024 16:28 UTC,,,2024-08-15 15:50:00,2024-08-15 16:28:00,2024-08-16 00:50:00,2024-08-16 01:28:00,2024-08-16 00:50 KST,2024-08-16 01:28 KST,14.1,-1,-14.1,2275.01,2275.01,423.53,423.53
ARUSDT,Long,21.003 USDT,"2,384.4","50,079.55 USDT",529.04 USDT,1.06 %,08/19/2024 09:18 UTC,08/20/2024 01:44 UTC,,,2024-08-19 09:18:00,2024-08-20 01:44:00,2024-08-19 18:18:00,2024-08-20 10:44:00,2024-08-19 18:18 KST,2024-08-20 10:44 KST,529.04,1,529.04,50079.55,50079.55,952.5699999999999,952.5699999999999
POPCATUSDT,Short,0.556 USDT,"44,890","24,958.84 USDT","-1,236.98 USDT",-4.96 %,08/22/2024 15:49 UTC,08/22/2024 16:41 UTC,,,2024-08-22 15:49:00,2024-08-22 16:41:00,2024-08-23 00:49:00,2024-08-23 01:41:00,2024-08-23 00:49 KST,2024-08-23 01:41 KST,1236.98,-1,-1236.98,24958.84,24958.84,-284.4100000000001,-284.4100000000001
1000FLOKIUSDT,Short,0.136 USDT,"368,232","49,961.72 USDT",-544.20 USDT,-1.09 %,08/22/2024 15:49 UTC,08/22/2024 21:32 UTC,,,2024-08-22 15:49:00,2024-08-22 21:32:00,2024-08-23 00:49:00,2024-08-23 06:32:00,2024-08-23 00:49 KST,2024-08-23 06:32 KST,544.2,-1,-544.2,49961.72,49961.72,-828.6100000000001,-828.6100000000001
MKRUSDT,Long,"2,126.9 USDT",117.766,"250,476.51 USDT","-26,477.62 USDT",-10.57 %,08/26/2024 17:05 UTC,08/28/2024 12:00 UTC,,,2024-08-26 17:05:00,2024-08-28 12:00:00,2024-08-27 02:05:00,2024-08-28 21:00:00,2024-08-27 02:05 KST,2024-08-28 21:00 KST,26477.62,-1,-26477.62,250476.51,250476.51,-27306.23,-27306.23
ONDOUSDT,Short,0.705 USDT,"354,140","249,739.53 USDT","9,650 USDT",3.86 %,08/26/2024 17:05 UTC,08/28/2024 12:01 UTC,,,2024-08-26 17:05:00,2024-08-28 12:01:00,2024-08-27 02:05:00,2024-08-28 21:01:00,2024-08-27 02:05 KST,2024-08-28 21:01 KST,9650.0,1,9650.0,249739.53,249739.53,-17656.23,-17656.23
SCAUSDT,Long,0.173 USDT,"249,157.3","43,178.96 USDT","44,288 USDT",102.57 %,09/03/2024 13:09 UTC,09/19/2024 12:06 UTC,,,2024-09-03 13:09:00,2024-09-19 12:06:00,2024-09-03 22:09:00,2024-09-19 21:06:00,2024-09-03 22:09 KST,2024-09-19 21:06 KST,44288.0,1,44288.0,43178.96,43178.96,26631.77,26631.77
ARUSDT,Long,19.327 USDT,"36,071.1","697,146.15 USDT","130,464 USDT",18.71 %,09/10/2024 23:44 UTC,09/27/2024 13:46 UTC,,,2024-09-10 23:44:00,2024-09-27 13:46:00,2024-09-11 08:44:00,2024-09-27 22:46:00,2024-09-11 08:44 KST,2024-09-27 22:46 KST,130464.0,1,130464.0,697146.15,697146.15,157095.77,157095.77
FILUSDT,Short,3.607 USDT,"138,784.9","500,597.13 USDT","-47,859.55 USDT",-9.56 %,09/10/2024 23:46 UTC,09/27/2024 13:46 UTC,,,2024-09-10 23:46:00,2024-09-27 13:46:00,2024-09-11 08:46:00,2024-09-27 22:46:00,2024-09-11 08:46 KST,2024-09-27 22:46 KST,47859.55,-1,-47859.55,500597.13,500597.13,109236.21999999999,109236.21999999999
EIGENUSDT,Long,3.862 USDT,"58,192","226,448.35 USDT","4,680 USDT",2.07 %,10/01/2024 07:54 UTC,10/01/2024 16:08 UTC,,,2024-10-01 07:54:00,2024-10-01 16:08:00,2024-10-01 16:54:00,2024-10-02 01:08:00,2024-10-01 16:54 KST,2024-10-02 01:08 KST,4680.0,1,4680.0,226448.35,226448.35,113916.21999999999,113916.21999999999
MOODENGUSDT,Long,0.21 USDT,"292,247","61,272.51 USDT","-5,212.07 USDT",-8.51 %,10/01/2024 12:06 UTC,10/01/2024 13:48 UTC,,,2024-10-01 12:06:00,2024-10-01 13:48:00,2024-10-01 21:06:00,2024-10-01 22:48:00,2024-10-01 21:06 KST,2024-10-01 22:48 KST,5212.07,-1,-5212.07,61272.51,61272.51,108704.15,108704.15
MOODENGUSDT,Long,0.13 USDT,"2,694,425","349,439.98 USDT","-7,677.57 USDT",-2.20 %,10/01/2024 20:59 UTC,10/10/2024 13:31 UTC,,,2024-10-01 20:59:00,2024-10-10 13:31:00,2024-10-02 05:59:00,2024-10-10 22:31:00,2024-10-02 05:59 KST,2024-10-10 22:31 KST,7677.57,-1,-7677.57,349439.98,349439.98,101026.57999999999,101026.57999999999
ARKMUSDT,Long,1.513 USDT,"44,959","68,018.47 USDT","10,803 USDT",15.88 %,10/11/2024 13:43 UTC,10/24/2024 01:16 UTC,,,2024-10-11 13:43:00,2024-10-24 01:16:00,2024-10-11 22:43:00,2024-10-24 10:16:00,2024-10-11 22:43 KST,2024-10-24 10:16 KST,10803.0,1,10803.0,68018.47,68018.47,111829.57999999999,111829.57999999999
MOODENGUSDT,Long,0.125 USDT,"1,431,954","178,578.98 USDT","-21,980.62 USDT",-12.31 %,10/11/2024 15:08 UTC,10/15/2024 12:03 UTC,,,2024-10-11 15:08:00,2024-10-15 12:03:00,2024-10-12 00:08:00,2024-10-15 21:03:00,2024-10-12 00:08 KST,2024-10-15 21:03 KST,21980.62,-1,-21980.62,178578.98,178578.98,89848.95999999999,89848.95999999999
CATIUSDT,Long,0.454 USDT,"110,800","50,247.80 USDT","-1,405.55 USDT",-2.80 %,10/12/2024 11:02 UTC,10/15/2024 21:53 UTC,,,2024-10-12 11:02:00,2024-10-15 21:53:00,2024-10-12 20:02:00,2024-10-16 06:53:00,2024-10-12 20:02 KST,2024-10-16 06:53 KST,1405.55,-1,-1405.55,50247.8,50247.8,88443.40999999999,88443.40999999999
MOODENGUSDT,Long,0.1 USDT,"1,145,796","114,705.64 USDT","-10,819.43 USDT",-9.43 %,10/15/2024 18:55 UTC,10/16/2024 01:12 UTC,,,2024-10-15 18:55:00,2024-10-16 01:12:00,2024-10-16 03:55:00,2024-10-16 10:12:00,2024-10-16 03:55 KST,2024-10-16 10:12 KST,10819.43,-1,-10819.43,114705.64,114705.64,77623.97999999998,77623.97999999998
BTCUSDT,Long,"65,662.9 USDT",9.066,"595,299.85 USDT","8,616 USDT",1.45 %,10/23/2024 09:14 UTC,10/24/2024 00:46 UTC,,,2024-10-23 09:14:00,2024-10-24 00:46:00,2024-10-23 18:14:00,2024-10-24 09:46:00,2024-10-23 18:14 KST,2024-10-24 09:46 KST,8616.0,1,8616.0,595299.85,595299.85,86239.97999999998,86239.97999999998
MOODENGUSDT,Long,0.163 USDT,"2,081,508","339,827.00 USDT","-31,070.06 USDT",-9.14 %,10/25/2024 10:37 UTC,11/03/2024 15:29 UTC,,,2024-10-25 10:37:00,2024-11-03 15:29:00,2024-10-25 19:37:00,2024-11-04 00:29:00,2024-10-25 19:37 KST,2024-11-04 00:29 KST,31070.06,-1,-31070.06,339827.0,339827.0,55169.919999999984,55169.919999999984
ARKMUSDT,Long,1.436 USDT,"186,940","268,445.84 USDT","6,861 USDT",2.56 %,10/25/2024 23:21 UTC,11/03/2024 15:29 UTC,,,2024-10-25 23:21:00,2024-11-03 15:29:00,2024-10-26 08:21:00,2024-11-04 00:29:00,2024-10-26 08:21 KST,2024-11-04 00:29 KST,6861.0,1,6861.0,268445.84,268445.84,62030.919999999984,62030.919999999984
GOATUSDT,Long,1.063 USDT,"505,877","537,595.49 USDT","-26,052.09 USDT",-4.85 %,11/17/2024 22:09 UTC,11/20/2024 16:24 UTC,,,2024-11-17 22:09:00,2024-11-20 16:24:00,2024-11-18 07:09:00,2024-11-21 01:24:00,2024-11-18 07:09 KST,2024-11-21 01:24 KST,26052.09,-1,-26052.09,537595.49,537595.49,35978.82999999999,35978.82999999999
1000PEPEUSDT,Long,0.019 USDT,"1,382,100","26,150.99 USDT",708.50 USDT,2.71 %,11/19/2024 22:27 UTC,11/20/2024 16:25 UTC,,,2024-11-19 22:27:00,2024-11-20 16:25:00,2024-11-20 07:27:00,2024-11-21 01:25:00,2024-11-20 07:27 KST,2024-11-21 01:25 KST,708.5,1,708.5,26150.99,26150.99,36687.32999999999,36687.32999999999
1000PEPEUSDT,Long,0.019 USDT,"691,000","12,830.49 USDT",-132.15 USDT,-1.03 %,11/20/2024 18:01 UTC,11/20/2024 19:25 UTC,,,2024-11-20 18:01:00,2024-11-20 19:25:00,2024-11-21 03:01:00,2024-11-21 04:25:00,2024-11-21 03:01 KST,2024-11-21 04:25 KST,132.15,-1,-132.15,12830.49,12830.49,36555.179999999986,36555.179999999986
AEROUSDT,Long,1.294 USDT,"23,923","30,953.97 USDT","11,346 USDT",36.65 %,11/22/2024 00:38 UTC,12/04/2024 23:30 UTC,,,2024-11-22 00:38:00,2024-12-04 23:30:00,2024-11-22 09:38:00,2024-12-05 08:30:00,2024-11-22 09:38 KST,2024-12-05 08:30 KST,11346.0,1,11346.0,30953.97,30953.97,47901.179999999986,47901.179999999986
GRASSUSDT,Long,1.97 USDT,"15,000","29,556.00 USDT","20,036 USDT",67.79 %,11/22/2024 09:09 UTC,12/01/2024 10:40 UTC,,,2024-11-22 09:09:00,2024-12-01 10:40:00,2024-11-22 18:09:00,2024-12-01 19:40:00,2024-11-22 18:09 KST,2024-12-01 19:40 KST,20036.0,1,20036.0,29556.0,29556.0,67937.18,67937.18
ARUSDT,Long,19.529 USDT,"3,144.6","61,410.89 USDT","22,093 USDT",35.98 %,11/25/2024 22:30 UTC,12/04/2024 23:30 UTC,,,2024-11-25 22:30:00,2024-12-04 23:30:00,2024-11-26 07:30:00,2024-12-05 08:30:00,2024-11-26 07:30 KST,2024-12-05 08:30 KST,22093.0,1,22093.0,61410.89,61410.89,90030.18,90030.18
BTCUSDT,Long,"93,132.5 USDT",5.787,"538,957.78 USDT","6,949 USDT",1.29 %,11/25/2024 22:43 UTC,11/26/2024 03:20 UTC,,,2024-11-25 22:43:00,2024-11-26 03:20:00,2024-11-26 07:43:00,2024-11-26 12:20:00,2024-11-26 07:43 KST,2024-11-26 12:20 KST,6949.0,1,6949.0,538957.78,538957.78,96979.18,96979.18
BTCUSDT,Long,"92,244.1 USDT",16.266,"1,500,442.53 USDT","-3,453.89 USDT",-0.23 %,11/26/2024 10:55 UTC,11/26/2024 20:18 UTC,,,2024-11-26 10:55:00,2024-11-26 20:18:00,2024-11-26 19:55:00,2024-11-27 05:18:00,2024-11-26 19:55 KST,2024-11-27 05:18 KST,3453.89,-1,-3453.89,1500442.53,1500442.53,93525.29,93525.29
ETHUSDT,Long,"3,285.99 USDT",12.17,"39,990.50 USDT","4,962 USDT",12.41 %,11/26/2024 19:51 UTC,12/01/2024 20:12 UTC,,,2024-11-26 19:51:00,2024-12-01 20:12:00,2024-11-27 04:51:00,2024-12-02 05:12:00,2024-11-27 04:51 KST,2024-12-02 05:12 KST,4962.0,1,4962.0,39990.5,39990.5,98487.29,98487.29
BLURUSDT,Long,0.366 USDT,"2,657,896","972,524.15 USDT","110,218 USDT",11.33 %,11/30/2024 15:23 UTC,12/04/2024 23:30 UTC,,,2024-11-30 15:23:00,2024-12-04 23:30:00,2024-12-01 00:23:00,2024-12-05 08:30:00,2024-12-01 00:23 KST,2024-12-05 08:30 KST,110218.0,1,110218.0,972524.15,972524.15,208705.28999999998,208705.28999999998
CHILLGUYUSDT,Long,0.409 USDT,"505,077","206,374.46 USDT","30,437 USDT",14.75 %,11/30/2024 15:36 UTC,12/05/2024 00:04 UTC,,,2024-11-30 15:36:00,2024-12-05 00:04:00,2024-12-01 00:36:00,2024-12-05 09:04:00,2024-12-01 00:36 KST,2024-12-05 09:04 KST,30437.0,1,30437.0,206374.46,206374.46,239142.28999999998,239142.28999999998
LINKUSDT,Long,18.732 USDT,"27,871.8","522,094.56 USDT","-4,903.95 USDT",-0.94 %,11/30/2024 21:29 UTC,12/01/2024 20:11 UTC,,,2024-11-30 21:29:00,2024-12-01 20:11:00,2024-12-01 06:29:00,2024-12-02 05:11:00,2024-12-01 06:29 KST,2024-12-02 05:11 KST,4903.95,-1,-4903.95,522094.56,522094.56,234238.33999999997,234238.33999999997
CHILLGUYUSDT,Long,0.341 USDT,"1,508,081","513,501.58 USDT","-16,904.66 USDT",-3.29 %,12/09/2024 11:24 UTC,12/15/2024 17:26 UTC,,,2024-12-09 11:24:00,2024-12-15 17:26:00,2024-12-09 20:24:00,2024-12-16 02:26:00,2024-12-09 20:24 KST,2024-12-16 02:26 KST,16904.66,-1,-16904.66,513501.58,513501.58,217333.67999999996,217333.67999999996
BLURUSDT,Long,0.343 USDT,"1,450,426","497,206.03 USDT","-8,803.44 USDT",-1.77 %,12/09/2024 20:39 UTC,12/17/2024 23:09 UTC,,,2024-12-09 20:39:00,2024-12-17 23:09:00,2024-12-10 05:39:00,2024-12-18 08:09:00,2024-12-10 05:39 KST,2024-12-18 08:09 KST,8803.44,-1,-8803.44,497206.03,497206.03,208530.23999999996,208530.23999999996
ARUSDT,Long,16.361 USDT,"20,981.9","343,284.87 USDT",-646.48 USDT,-0.19 %,12/18/2024 20:08 UTC,12/21/2024 16:09 UTC,,,2024-12-18 20:08:00,2024-12-21 16:09:00,2024-12-19 05:08:00,2024-12-22 01:09:00,2024-12-19 05:08 KST,2024-12-22 01:09 KST,646.48,-1,-646.48,343284.87,343284.87,207883.75999999995,207883.75999999995
1000PEPEUSDT,Long,0.015 USDT,"10,079,400","152,188.86 USDT","20,938 USDT",13.76 %,12/20/2024 08:57 UTC,12/21/2024 19:10 UTC,,,2024-12-20 08:57:00,2024-12-21 19:10:00,2024-12-20 17:57:00,2024-12-22 04:10:00,2024-12-20 17:57 KST,2024-12-22 04:10 KST,20938.0,1,20938.0,152188.86,152188.86,228821.75999999995,228821.75999999995
XRPUSDT,Short,3.153 USDT,"240,806","759,309.48 USDT","215,081 USDT",28.33 %,01/17/2025 10:23 UTC,02/03/2025 01:58 UTC,,,2025-01-17 10:23:00,2025-02-03 01:58:00,2025-01-17 19:23:00,2025-02-03 10:58:00,2025-01-17 19:23 KST,2025-02-03 10:58 KST,215081.0,1,215081.0,759309.48,759309.48,443902.75999999995,443902.75999999995
ETHUSDT,Long,"3,210.86 USDT",614.11,"2,007,605.42 USDT","-425,708.13 USDT",-21.20 %,01/17/2025 10:24 UTC,02/03/2025 02:07 UTC,,,2025-01-17 10:24:00,2025-02-03 02:07:00,2025-01-17 19:24:00,2025-02-03 11:07:00,2025-01-17 19:24 KST,2025-02-03 11:07 KST,425708.13,-1,-425708.13,2007605.42,2007605.42,18194.629999999946,18194.629999999946
SOLUSDT,Long,216.11 USDT,"1,157","250,039.27 USDT","40,806 USDT",16.32 %,01/17/2025 10:25 UTC,01/22/2025 21:46 UTC,,,2025-01-17 10:25:00,2025-01-22 21:46:00,2025-01-17 19:25:00,2025-01-23 06:46:00,2025-01-17 19:25 KST,2025-01-23 06:46 KST,40806.0,1,40806.0,250039.27,250039.27,59000.62999999995,59000.62999999995
BTCUSDT,Long,"102,234.5 USDT",2.919,"298,422.51 USDT","-3,918.56 USDT",-1.31 %,01/17/2025 10:40 UTC,01/19/2025 23:12 UTC,,,2025-01-17 10:40:00,2025-01-19 23:12:00,2025-01-17 19:40:00,2025-01-20 08:12:00,2025-01-17 19:40 KST,2025-01-20 08:12 KST,3918.56,-1,-3918.56,298422.51,298422.51,55082.06999999995,55082.06999999995
SOLUSDT,Short,248.29 USDT,241,"59,837.89 USDT",-170.75 USDT,-0.29 %,01/19/2025 22:08 UTC,01/19/2025 22:08 UTC,,,2025-01-19 22:08:00,2025-01-19 22:08:00,2025-01-20 07:08:00,2025-01-20 07:08:00,2025-01-20 07:08 KST,2025-01-20 07:08 KST,170.75,-1,-170.75,59837.89,59837.89,54911.31999999995,54911.31999999995
DOGEUSDT,Short,0.35 USDT,"2,853,287","999,563.50 USDT","293,878 USDT",29.40 %,01/24/2025 03:48 UTC,02/03/2025 01:58 UTC,,,2025-01-24 03:48:00,2025-02-03 01:58:00,2025-01-24 12:48:00,2025-02-03 10:58:00,2025-01-24 12:48 KST,2025-02-03 10:58 KST,293878.0,1,293878.0,999563.5,999563.5,348789.31999999995,348789.31999999995
ETHUSDT,Long,"2,428.9 USDT",135.22,"328,435.86 USDT","6,856 USDT",2.09 %,02/03/2025 02:13 UTC,02/03/2025 02:37 UTC,,,2025-02-03 02:13:00,2025-02-03 02:37:00,2025-02-03 11:13:00,2025-02-03 11:37:00,2025-02-03 11:13 KST,2025-02-03 11:37 KST,6856.0,1,6856.0,328435.86,328435.86,355645.31999999995,355645.31999999995
ETHUSDT,Long,"2,755.34 USDT",728.27,"1,996,151.66 USDT","-134,614.99 USDT",-6.74 %,02/04/2025 13:16 UTC,02/07/2025 22:10 UTC,,,2025-02-04 13:16:00,2025-02-07 22:10:00,2025-02-04 22:16:00,2025-02-08 07:10:00,2025-02-04 22:16 KST,2025-02-08 07:10 KST,134614.99,-1,-134614.99,1996151.66,1996151.66,221030.32999999996,221030.32999999996
XRPUSDT,Short,2.585 USDT,"773,399","1,999,391.09 USDT","137,309 USDT",6.87 %,02/04/2025 13:17 UTC,02/07/2025 22:09 UTC,,,2025-02-04 13:17:00,2025-02-07 22:09:00,2025-02-04 22:17:00,2025-02-08 07:09:00,2025-02-04 22:17 KST,2025-02-08 07:09 KST,137309.0,1,137309.0,1999391.09,1999391.09,358339.32999999996,358339.32999999996
ETHUSDT,Short,"2,741.18 USDT",9.12,"24,999.56 USDT",-12.26 USDT,-0.05 %,02/04/2025 20:52 UTC,02/04/2025 20:52 UTC,,,2025-02-04 20:52:00,2025-02-04 20:52:00,2025-02-05 05:52:00,2025-02-05 05:52:00,2025-02-05 05:52 KST,2025-02-05 05:52 KST,12.26,-1,-12.26,24999.56,24999.56,358327.06999999995,358327.06999999995
FARTCOINUSDT,Long,0.455 USDT,"1,458,384","663,127.20 USDT","-158,038.83 USDT",-23.83 %,02/09/2025 18:49 UTC,02/21/2025 15:40 UTC,,,2025-02-09 18:49:00,2025-02-21 15:40:00,2025-02-10 03:49:00,2025-02-22 00:40:00,2025-02-10 03:49 KST,2025-02-22 00:40 KST,158038.83,-1,-158038.83,663127.2,663127.2,200288.23999999996,200288.23999999996
SPXUSDT,Short,0.597 USDT,"16,698","9,967.04 USDT",-713.38 USDT,-7.16 %,02/09/2025 18:50 UTC,02/10/2025 00:52 UTC,,,2025-02-09 18:50:00,2025-02-10 00:52:00,2025-02-10 03:50:00,2025-02-10 09:52:00,2025-02-10 03:50 KST,2025-02-10 09:52 KST,713.38,-1,-713.38,9967.04,9967.04,199574.85999999996,199574.85999999996
DOGEUSDT,Short,0.255 USDT,"301,815","75,818.95 USDT","-1,375.49 USDT",-1.81 %,02/09/2025 18:51 UTC,02/21/2025 15:39 UTC,,,2025-02-09 18:51:00,2025-02-21 15:39:00,2025-02-10 03:51:00,2025-02-22 00:39:00,2025-02-10 03:51 KST,2025-02-22 00:39 KST,1375.49,-1,-1375.49,75818.95,75818.95,198199.36999999997,198199.36999999997
SHIB1000USDT,Short,0.016 USDT,"4,824,570","75,822.94 USDT","-1,195.61 USDT",-1.58 %,02/09/2025 18:51 UTC,02/10/2025 08:15 UTC,,,2025-02-09 18:51:00,2025-02-10 08:15:00,2025-02-10 03:51:00,2025-02-10 17:15:00,2025-02-10 03:51 KST,2025-02-10 17:15 KST,1195.61,-1,-1195.61,75822.94,75822.94,197003.75999999998,197003.75999999998
WIFUSDT,Short,0.658 USDT,"265,944","174,911.37 USDT","9,904 USDT",5.66 %,02/09/2025 19:34 UTC,02/13/2025 19:47 UTC,,,2025-02-09 19:34:00,2025-02-13 19:47:00,2025-02-10 04:34:00,2025-02-14 04:47:00,2025-02-10 04:34 KST,2025-02-14 04:47 KST,9904.0,1,9904.0,174911.37,174911.37,206907.75999999998,206907.75999999998
1000PEPEUSDT,Short,0.01 USDT,"13,361,700","125,706.87 USDT","-8,415.12 USDT",-6.69 %,02/09/2025 19:34 UTC,02/21/2025 15:37 UTC,,,2025-02-09 19:34:00,2025-02-21 15:37:00,2025-02-10 04:34:00,2025-02-22 00:37:00,2025-02-10 04:34 KST,2025-02-22 00:37 KST,8415.12,-1,-8415.12,125706.87,125706.87,198492.63999999998,198492.63999999998
BRETTUSDT,Short,0.045 USDT,"1,672,390","74,471.53 USDT","-6,684.77 USDT",-8.98 %,02/09/2025 20:21 UTC,02/21/2025 15:40 UTC,,,2025-02-09 20:21:00,2025-02-21 15:40:00,2025-02-10 05:21:00,2025-02-22 00:40:00,2025-02-10 05:21 KST,2025-02-22 00:40 KST,6684.77,-1,-6684.77,74471.53,74471.53,191807.87,191807.87
1000BONKUSDT,Short,0.017 USDT,"9,755,900","169,050.24 USDT","13,971 USDT",8.26 %,02/10/2025 00:25 UTC,02/21/2025 15:40 UTC,,,2025-02-10 00:25:00,2025-02-21 15:40:00,2025-02-10 09:25:00,2025-02-22 00:40:00,2025-02-10 09:25 KST,2025-02-22 00:40 KST,13971.0,1,13971.0,169050.24,169050.24,205778.87,205778.87
1000FLOKIUSDT,Short,0.096 USDT,"1,586,319","149,653.33 USDT","-1,234.06 USDT",-0.82 %,02/10/2025 01:08 UTC,02/21/2025 15:40 UTC,,,2025-02-10 01:08:00,2025-02-21 15:40:00,2025-02-10 10:08:00,2025-02-22 00:40:00,2025-02-10 10:08 KST,2025-02-22 00:40 KST,1234.06,-1,-1234.06,149653.33,149653.33,204544.81,204544.81
SHIB1000USDT,Short,0.016 USDT,"4,763,580","78,079.84 USDT","3,913 USDT",5.01 %,02/10/2025 11:41 UTC,02/21/2025 15:39 UTC,,,2025-02-10 11:41:00,2025-02-21 15:39:00,2025-02-10 20:41:00,2025-02-22 00:39:00,2025-02-10 20:41 KST,2025-02-22 00:39 KST,3913.0,1,3913.0,78079.84,78079.84,208457.81,208457.81
WIFUSDT,Short,0.643 USDT,"212,379","129,827.28 USDT","-12,770.75 USDT",-9.84 %,02/13/2025 20:06 UTC,02/21/2025 15:39 UTC,,,2025-02-13 20:06:00,2025-02-21 15:39:00,2025-02-14 05:06:00,2025-02-22 00:39:00,2025-02-14 05:06 KST,2025-02-22 00:39 KST,12770.75,-1,-12770.75,129827.28,129827.28,195687.06,195687.06
FARTCOINUSDT,Long,0.335 USDT,"22,557","7,545.32 USDT",95.40 USDT,1.26 %,02/21/2025 17:39 UTC,02/21/2025 17:46 UTC,,,2025-02-21 17:39:00,2025-02-21 17:46:00,2025-02-22 02:39:00,2025-02-22 02:46:00,2025-02-22 02:39 KST,2025-02-22 02:46 KST,95.4,1,95.4,7545.32,7545.32,195782.46,195782.46
HYPEUSDT,Long,14.835 USDT,"1,586.88","23,541.36 USDT",-522.14 USDT,-2.22 %,03/06/2025 19:08 UTC,03/09/2025 18:20 UTC,,,2025-03-06 19:08:00,2025-03-09 18:20:00,2025-03-07 04:08:00,2025-03-10 03:20:00,2025-03-07 04:08 KST,2025-03-10 03:20 KST,522.14,-1,-522.14,23541.36,23541.36,195260.31999999998,195260.31999999998
HYPEUSDT,Long,13.267 USDT,740.74,"9,827.40 USDT",184.24 USDT,1.87 %,03/10/2025 18:59 UTC,03/12/2025 09:17 UTC,,,2025-03-10 18:59:00,2025-03-12 09:17:00,2025-03-11 03:59:00,2025-03-12 18:17:00,2025-03-11 03:59 KST,2025-03-12 18:17 KST,184.24,1,184.24,9827.4,9827.4,195444.55999999997,195444.55999999997
